train_loss,val_loss,dice,iou,precision,recall
0.06422337417302326,0.11501887149261832,0.9007097521237604,0.832743798862863,0.9210133466312582,0.8976722447535428
0.062438953839450535,0.11576129086064409,0.9001834413998221,0.8323135134418429,0.9174257825989744,0.8997678005997147
0.06153900184682746,0.11418172194907776,0.9017396179215289,0.8342041230487081,0.9231944873812551,0.8971440863321648
0.06102148287312211,0.11442795299309412,0.9015457027804622,0.8339337791961396,0.9175882766180645,0.9005119942134872
0.06037186082892416,0.11440656418680628,0.9016094781805171,0.8335934984364889,0.916804647959517,0.9023251001879192
0.05971538821999157,0.11391318025451462,0.9020536924818934,0.834126833365481,0.9212330725297216,0.8985716358258606
0.05920582050014979,0.11397850157438216,0.901877271367482,0.8342290112620655,0.9237632886582804,0.89631684618052
